{"GCN": {"accuracy": {"0": 0.102, "1": 0.11, "2": 0.178, "3": 0.172, "4": 0.176, "5": 0.18, "6": 0.194, "7": 0.196, "8": 0.198, "9": 0.196, "10": 0.198, "11": 0.196, "12": 0.198, "13": 0.198, "14": 0.198, "15": 0.194, "16": 0.194, "17": 0.194, "18": 0.194, "19": 0.194, "20": 0.194, "21": 0.196, "22": 0.194, "23": 0.194, "24": 0.194, "25": 0.196, "26": 0.198, "27": 0.198, "28": 0.198, "29": 0.198, "30": 0.198, "31": 0.198, "32": 0.198, "33": 0.2, "34": 0.198, "35": 0.2, "36": 0.198, "37": 0.198, "38": 0.2, "39": 0.2}, "loss": {"0": 2.3024513721466064, "1": 2.3011248111724854, "2": 2.3002936840057373, "3": 2.29917573928833, "4": 2.2980644702911377, "5": 2.2970826625823975, "6": 2.2958528995513916, "7": 2.2943155765533447, "8": 2.2927284240722656, "9": 2.291048765182495, "10": 2.289034128189087, "11": 2.287287950515747, "12": 2.2850263118743896, "13": 2.2829105854034424, "14": 2.281003475189209, "15": 2.278310775756836, "16": 2.275949001312256, "17": 2.2738184928894043, "18": 2.271282196044922, "19": 2.269010543823242, "20": 2.2666540145874023, "21": 2.2642133235931396, "22": 2.2619996070861816, "23": 2.259615659713745, "24": 2.2571444511413574, "25": 2.2547996044158936, "26": 2.2526752948760986, "27": 2.2505881786346436, "28": 2.2481727600097656, "29": 2.245974540710449, "30": 2.243800401687622, "31": 2.2416465282440186, "32": 2.2390389442443848, "33": 2.237405776977539, "34": 2.235262632369995, "35": 2.2328481674194336, "36": 2.23088002204895, "37": 2.2288856506347656, "38": 2.226663827896118, "39": 2.2246665954589844}}, "GCN SAGPool": {"accuracy": {"0": 0.028, "1": 0.098, "2": 0.122, "3": 0.142, "4": 0.162, "5": 0.16, "6": 0.166, "7": 0.166, "8": 0.16, "9": 0.16, "10": 0.162, "11": 0.168, "12": 0.162, "13": 0.16, "14": 0.162, "15": 0.158, "16": 0.156, "17": 0.158, "18": 0.154, "19": 0.15, "20": 0.148, "21": 0.148, "22": 0.15, "23": 0.142, "24": 0.148, "25": 0.146, "26": 0.166, "27": 0.162, "28": 0.166, "29": 0.162, "30": 0.164, "31": 0.162, "32": 0.168, "33": 0.172, "34": 0.17, "35": 0.172, "36": 0.174, "37": 0.184, "38": 0.18, "39": 0.174}, "loss": {"0": 2.3038320541381836, "1": 2.302485942840576, "2": 2.3006584644317627, "3": 2.29728627204895, "4": 2.2928709983825684, "5": 2.289191722869873, "6": 2.285417318344116, "7": 2.2815022468566895, "8": 2.277881383895874, "9": 2.2744405269622803, "10": 2.2708470821380615, "11": 2.267303705215454, "12": 2.2635304927825928, "13": 2.2601370811462402, "14": 2.25618052482605, "15": 2.2530202865600586, "16": 2.248750686645508, "17": 2.2449278831481934, "18": 2.2413272857666016, "19": 2.238251209259033, "20": 2.2339963912963867, "21": 2.2302818298339844, "22": 2.226278305053711, "23": 2.223238706588745, "24": 2.219653844833374, "25": 2.215614080429077, "26": 2.211536169052124, "27": 2.2080376148223877, "28": 2.2029600143432617, "29": 2.198674201965332, "30": 2.1953516006469727, "31": 2.191004753112793, "32": 2.1876063346862793, "33": 2.1846601963043213, "34": 2.1806719303131104, "35": 2.177851676940918, "36": 2.175001859664917, "37": 2.171785831451416, "38": 2.168091058731079, "39": 2.165571451187134}}, "GCN TopKPool": {"accuracy": {"0": 0.126, "1": 0.13, "2": 0.13, "3": 0.124, "4": 0.106, "5": 0.112, "6": 0.112, "7": 0.112, "8": 0.112, "9": 0.112, "10": 0.112, "11": 0.114, "12": 0.148, "13": 0.172, "14": 0.178, "15": 0.172, "16": 0.15, "17": 0.146, "18": 0.124, "19": 0.122, "20": 0.114, "21": 0.116, "22": 0.104, "23": 0.104, "24": 0.104, "25": 0.102, "26": 0.102, "27": 0.102, "28": 0.102, "29": 0.102, "30": 0.102, "31": 0.102, "32": 0.102, "33": 0.102, "34": 0.102, "35": 0.102, "36": 0.102, "37": 0.102, "38": 0.102, "39": 0.102}, "loss": {"0": 2.3025834560394287, "1": 2.3023531436920166, "2": 2.300313711166382, "3": 2.296544313430786, "4": 2.2929892539978027, "5": 2.2911221981048584, "6": 2.2881691455841064, "7": 2.28691029548645, "8": 2.2848446369171143, "9": 2.2833518981933594, "10": 2.282212495803833, "11": 2.2805309295654297, "12": 2.280879497528076, "13": 2.279392719268799, "14": 2.2770071029663086, "15": 2.2765684127807617, "16": 2.2757039070129395, "17": 2.2727582454681396, "18": 2.2740564346313477, "19": 2.2724692821502686, "20": 2.2810215950012207, "21": 2.2768378257751465, "22": 2.2962214946746826, "23": 2.299370288848877, "24": 2.322425365447998, "25": 2.3463170528411865, "26": 2.36092209815979, "27": 2.3970236778259277, "28": 2.3866286277770996, "29": 2.4180908203125, "30": 2.4193623065948486, "31": 2.4562976360321045, "32": 2.4429750442504883, "33": 2.4371631145477295, "34": 2.461050510406494, "35": 2.428302526473999, "36": 2.481578826904297, "37": 2.4647274017333984, "38": 2.4315109252929688, "39": 2.466984510421753}}, "GCN EdgePool": {"accuracy": {"0": 0.09, "1": 0.09, "2": 0.09, "3": 0.09, "4": 0.082, "5": 0.086, "6": 0.088, "7": 0.102, "8": 0.118, "9": 0.15, "10": 0.192, "11": 0.194, "12": 0.196, "13": 0.196, "14": 0.194, "15": 0.206, "16": 0.21, "17": 0.216, "18": 0.19, "19": 0.194, "20": 0.188, "21": 0.19, "22": 0.192, "23": 0.196, "24": 0.186, "25": 0.186, "26": 0.184, "27": 0.19, "28": 0.184, "29": 0.188, "30": 0.188, "31": 0.19, "32": 0.19, "33": 0.19, "34": 0.192, "35": 0.18, "36": 0.188, "37": 0.184, "38": 0.188, "39": 0.19}, "loss": {"0": 2.315117359161377, "1": 2.309218406677246, "2": 2.306731939315796, "3": 2.304433584213257, "4": 2.3028433322906494, "5": 2.301551342010498, "6": 2.2997117042541504, "7": 2.298187255859375, "8": 2.2957839965820312, "9": 2.293416738510132, "10": 2.2905235290527344, "11": 2.2873716354370117, "12": 2.283234119415283, "13": 2.2783875465393066, "14": 2.273712158203125, "15": 2.267298698425293, "16": 2.2597010135650635, "17": 2.251264810562134, "18": 2.2431604862213135, "19": 2.234710693359375, "20": 2.227139949798584, "21": 2.2162528038024902, "22": 2.2102303504943848, "23": 2.2025890350341797, "24": 2.1971793174743652, "25": 2.1906113624572754, "26": 2.188323497772217, "27": 2.1785728931427, "28": 2.174711227416992, "29": 2.1702017784118652, "30": 2.167757987976074, "31": 2.1636154651641846, "32": 2.1585304737091064, "33": 2.156045436859131, "34": 2.1533725261688232, "35": 2.1531920433044434, "36": 2.1483070850372314, "37": 2.1444101333618164, "38": 2.1428067684173584, "39": 2.1414756774902344}}}